{
    "RandomForest": {
        "accuracy": 0.6743636363636364,
        "auc": 0.7425811207705904
    },
    "XGBoost": {
        "accuracy": 0.6665757575757576,
        "auc": 0.7324003410121052
    },
    "LightGBM": {
        "accuracy": 0.6802424242424242,
        "auc": 0.7480020837588026
    },
    "CatBoost": {
        "accuracy": 0.6826060606060607,
        "auc": 0.7528707680192059
    }
}